"time","price","volume"
"2016-03-18 01:00:00","1.151","1750"
"2016-03-19 01:00:00","1.1","1426"
"2016-03-20 01:00:00","1.076","810"
"2016-03-21 01:00:00","1.084","462"
"2016-03-22 01:00:00","1.099","377"
"2016-03-23 01:00:00","1.116","310"
"2016-03-24 01:00:00","1.11","343"
"2016-03-25 01:00:00","1.097","350"
"2016-03-26 01:00:00","1.093","361"
"2016-03-27 01:00:00","1.106","397"
"2016-03-28 01:00:00","1.079","390"
"2016-03-29 01:00:00","1.11","306"
"2016-03-30 01:00:00","1.136","264"
"2016-03-31 01:00:00","1.119","310"
"2016-04-01 01:00:00","1.112","240"
"2016-04-02 01:00:00","1.09","270"
"2016-04-03 01:00:00","0.303","3828"
"2016-04-04 01:00:00","0.344","2324"
"2016-04-05 01:00:00","0.438","1280"
"2016-04-06 01:00:00","0.52","801"
"2016-04-07 01:00:00","0.529","577"
"2016-04-08 01:00:00","0.521","592"
"2016-04-09 01:00:00","0.552","616"
"2016-04-10 01:00:00","0.586","504"
"2016-04-11 01:00:00","0.554","403"
"2016-04-12 01:00:00","0.508","286"
"2016-04-13 01:00:00","0.501","365"
"2016-04-14 01:00:00","0.493","284"
"2016-04-15 01:00:00","0.496","310"
"2016-04-16 01:00:00","0.508","370"
"2016-04-17 01:00:00","0.496","370"
"2016-04-18 01:00:00","0.495","240"
"2016-04-19 01:00:00","0.493","241"
"2016-04-20 01:00:00","0.506","303"
"2016-04-21 01:00:00","0.516","252"
"2016-04-22 01:00:00","0.546","349"
"2016-04-23 01:00:00","0.559","329"
"2016-04-24 01:00:00","0.546","354"
"2016-04-25 01:00:00","0.557","289"
"2016-04-26 01:00:00","0.57","262"
"2016-04-27 01:00:00","0.576","216"
"2016-04-28 01:00:00","0.562","282"
"2016-04-29 01:00:00","0.593","286"
"2016-04-30 01:00:00","0.601","332"
"2016-05-01 01:00:00","0.658","366"
"2016-05-02 01:00:00","0.736","229"
"2016-05-03 01:00:00","0.798","188"
"2016-05-04 01:00:00","0.807","173"
"2016-05-05 01:00:00","0.829","164"
"2016-05-06 01:00:00","0.816","160"
"2016-05-07 01:00:00","0.783","171"
"2016-05-08 01:00:00","0.756","180"
"2016-05-09 01:00:00","0.766","126"
"2016-05-10 01:00:00","0.715","154"
"2016-05-11 01:00:00","0.752","136"
"2016-05-12 01:00:00","0.731","133"
"2016-05-13 01:00:00","0.73","172"
"2016-05-14 01:00:00","0.758","185"
"2016-05-15 01:00:00","0.79","188"
"2016-05-16 01:00:00","0.786","112"
"2016-05-17 01:00:00","0.701","165"
"2016-05-18 01:00:00","0.728","141"
"2016-05-19 01:00:00","0.765","101"
"2016-05-20 01:00:00","0.763","117"
"2016-05-21 01:00:00","0.747","198"
"2016-05-22 01:00:00","0.745","170"
"2016-05-23 01:00:00","0.726","121"
"2016-05-24 01:00:00","0.779","143"
"2016-05-25 01:00:00","0.762","135"
"2016-05-26 01:00:00","0.761","110"
"2016-05-27 01:00:00","0.734","115"
"2016-05-28 01:00:00","0.759","158"
"2016-05-29 01:00:00","0.77","148"
"2016-05-30 01:00:00","0.783","120"
"2016-05-31 01:00:00","0.791","88"
"2016-06-01 01:00:00","0.742","160"
"2016-06-02 01:00:00","0.727","139"
"2016-06-03 01:00:00","0.731","141"
"2016-06-04 01:00:00","0.763","139"
"2016-06-05 01:00:00","0.759","142"
"2016-06-06 01:00:00","0.748","144"
"2016-06-07 01:00:00","0.719","118"
"2016-06-08 01:00:00","0.726","95"
"2016-06-09 01:00:00","0.696","126"
"2016-06-10 01:00:00","0.715","125"
"2016-06-11 01:00:00","0.706","126"
"2016-06-12 01:00:00","0.645","116"
"2016-06-13 01:00:00","0.582","114"
"2016-06-14 01:00:00","0.566","174"
"2016-06-15 01:00:00","0.559","162"
"2016-06-16 01:00:00","0.586","123"
"2016-06-17 01:00:00","0.605","168"
"2016-06-18 01:00:00","0.623","212"
"2016-06-19 01:00:00","0.68","144"
"2016-06-20 01:00:00","0.678","157"
"2016-06-21 01:00:00","0.667","137"
"2016-06-22 01:00:00","0.694","126"
"2016-06-23 01:00:00","0.684","131"
"2016-06-24 01:00:00","0.646","110"
"2016-06-25 01:00:00","0.504","207"
"2016-06-26 01:00:00","0.523","97"
"2016-06-27 01:00:00","0.552","135"
"2016-06-28 01:00:00","0.541","92"
"2016-06-29 01:00:00","0.506","123"
"2016-06-30 01:00:00","0.539","103"
"2016-07-01 01:00:00","0.61","85"
"2016-07-02 01:00:00","0.645","68"
"2016-07-03 01:00:00","0.637","74"
"2016-07-04 01:00:00","0.621","92"
"2016-07-05 01:00:00","0.595","118"
"2016-07-06 01:00:00","0.57","151"
"2016-07-07 01:00:00","0.584","117"
"2016-07-08 01:00:00","0.601","86"
"2016-07-09 01:00:00","0.583","94"
"2016-07-10 01:00:00","0.502","88"
"2016-07-11 01:00:00","0.504","61"
"2016-07-12 01:00:00","0.584","58"
"2016-07-13 01:00:00","0.579","42"
"2016-07-14 01:00:00","0.544","58"
"2016-07-15 01:00:00","0.564","42"
"2016-07-16 01:00:00","0.548","44"
"2016-07-17 01:00:00","0.582","45"
"2016-07-18 01:00:00","0.555","47"
"2016-07-19 01:00:00","0.558","39"
"2016-07-20 01:00:00","0.545","45"
"2016-07-21 01:00:00","0.539","55"
"2016-07-22 01:00:00","0.513","41"
"2016-07-23 01:00:00","0.491","33"
"2016-07-24 01:00:00","0.475","45"
"2016-07-25 01:00:00","0.49","60"
"2016-07-26 01:00:00","0.53","48"
"2016-07-27 01:00:00","0.557","48"
"2016-07-28 01:00:00","0.556","51"
"2016-07-29 01:00:00","0.554","52"
"2016-07-30 01:00:00","0.55","49"
"2016-07-31 01:00:00","0.583","41"
"2016-08-01 01:00:00","0.598","42"
"2016-08-02 01:00:00","0.593","30"
"2016-08-03 01:00:00","0.547","35"
"2016-08-04 01:00:00","0.565","35"
"2016-08-05 01:00:00","0.558","38"
"2016-08-06 01:00:00","0.565","52"
"2016-08-07 01:00:00","0.528","41"
"2016-08-08 01:00:00","0.578","25"
"2016-08-09 01:00:00","0.566","30"
"2016-08-10 01:00:00","0.516","30"
"2016-08-11 01:00:00","0.472","52"
"2016-08-12 01:00:00","0.53","32"
"2016-08-13 01:00:00","0.526","34"
"2016-08-14 01:00:00","0.565","23"
"2016-08-15 01:00:00","0.544","37"
"2016-08-16 01:00:00","0.536","35"
"2016-08-17 01:00:00","0.52","26"
"2016-08-18 01:00:00","0.534","32"
"2016-08-19 01:00:00","0.51","33"
"2016-08-20 01:00:00","0.514","34"
"2016-08-21 01:00:00","0.522","46"
"2016-08-22 01:00:00","0.498","33"
"2016-08-23 01:00:00","0.529","38"
"2016-08-24 01:00:00","0.51","43"
"2016-08-25 01:00:00","0.535","36"
"2016-08-26 01:00:00","0.486","54"
"2016-08-27 01:00:00","0.532","48"
"2016-08-28 01:00:00","0.535","53"
"2016-08-29 01:00:00","0.546","55"
"2016-08-30 01:00:00","0.547","59"
"2016-08-31 01:00:00","0.549","43"
"2016-09-01 01:00:00","0.579","25"
"2016-09-02 01:00:00","0.551","37"
"2016-09-03 01:00:00","0.599","32"
"2016-09-04 01:00:00","0.605","21"
"2016-09-05 01:00:00","0.611","44"
"2016-09-06 01:00:00","0.571","18"
"2016-09-07 01:00:00","0.564","34"
"2016-09-08 01:00:00","0.584","23"
"2016-09-09 01:00:00","0.561","30"
"2016-09-10 01:00:00","0.581","34"
"2016-09-11 01:00:00","0.579","49"
"2016-09-12 01:00:00","0.583","46"
"2016-09-13 01:00:00","0.573","28"
"2016-09-14 01:00:00","0.557","31"
"2016-09-15 01:00:00","0.556","25"
"2016-09-16 01:00:00","0.55","33"
"2016-09-17 01:00:00","0.52","62"
"2016-09-18 01:00:00","0.48","40"
"2016-09-19 01:00:00","0.487","36"
"2016-09-20 01:00:00","0.541","28"
"2016-09-21 01:00:00","0.564","20"
"2016-09-22 01:00:00","0.589","22"
"2016-09-23 01:00:00","0.567","27"
"2016-09-24 01:00:00","0.577","37"
"2016-09-25 01:00:00","0.583","29"
"2016-09-26 01:00:00","0.615","29"
"2016-09-27 01:00:00","0.62","19"
"2016-09-28 01:00:00","0.604","28"
"2016-09-29 01:00:00","0.606","31"
"2016-09-30 01:00:00","0.579","19"
"2016-10-01 01:00:00","0.582","40"
"2016-10-02 01:00:00","0.569","53"
"2016-10-03 01:00:00","0.593","26"
"2016-10-04 01:00:00","0.586","24"
"2016-10-05 01:00:00","0.589","17"
"2016-10-06 01:00:00","0.562","16"
"2016-10-07 01:00:00","0.562","30"
"2016-10-08 01:00:00","0.544","42"
"2016-10-09 01:00:00","0.535","27"
"2016-10-10 01:00:00","0.508","28"
"2016-10-11 01:00:00","0.496","23"
"2016-10-12 01:00:00","0.453","23"
"2016-10-13 01:00:00","0.542","23"
"2016-10-14 01:00:00","0.556","15"
"2016-10-15 01:00:00","0.545","28"
"2016-10-16 01:00:00","0.543","29"
"2016-10-17 01:00:00","0.558","21"
"2016-10-18 01:00:00","0.525","11"
"2016-10-19 01:00:00","0.541","19"
"2016-10-20 01:00:00","0.546","25"
"2016-10-21 01:00:00","0.498","20"
"2016-10-22 01:00:00","0.527","34"
"2016-10-23 01:00:00","0.546","28"
"2016-10-24 01:00:00","0.533","24"
"2016-10-25 01:00:00","0.494","17"
"2016-10-26 01:00:00","0.551","18"
"2016-10-27 01:00:00","0.559","23"
"2016-10-28 01:00:00","0.563","27"
"2016-10-29 01:00:00","0.56","23"
"2016-10-30 01:00:00","0.531","25"
"2016-10-31 01:00:00","0.545","16"
"2016-11-01 01:00:00","0.523","15"
"2016-11-02 01:00:00","0.521","19"
"2016-11-03 01:00:00","0.543","12"
"2016-11-04 01:00:00","0.544","20"
"2016-11-05 01:00:00","0.54","32"
"2016-11-06 01:00:00","0.532","20"
"2016-11-07 01:00:00","0.528","16"
"2016-11-08 01:00:00","0.529","28"
"2016-11-09 01:00:00","0.529","6"
"2016-11-10 01:00:00","0.483","22"
"2016-11-11 01:00:00","0.479","24"
"2016-11-12 01:00:00","0.505","25"
"2016-11-13 01:00:00","0.514","18"
"2016-11-14 01:00:00","0.509","23"
"2016-11-15 01:00:00","0.519","12"
"2016-11-16 01:00:00","0.505","23"
"2016-11-17 01:00:00","0.524","18"
"2016-11-18 01:00:00","0.524","14"
"2016-11-19 01:00:00","0.525","24"
"2016-11-20 01:00:00","0.497","25"
"2016-11-21 01:00:00","0.524","21"
"2016-11-22 01:00:00","0.527","18"
"2016-11-23 01:00:00","0.53","27"
"2016-11-24 01:00:00","0.532","16"
"2016-11-25 01:00:00","0.51","23"
"2016-11-26 01:00:00","0.447","24"
"2016-11-27 01:00:00","0.492","23"
"2016-11-28 01:00:00","0.507","26"
"2016-11-29 01:00:00","0.548","24"
"2016-11-30 01:00:00","0.561","16"
"2016-12-01 01:00:00","0.583","13"
"2016-12-02 01:00:00","0.582","29"
"2016-12-03 01:00:00","0.567","40"
"2016-12-04 01:00:00","0.55","29"
"2016-12-05 01:00:00","0.569","25"
"2016-12-06 01:00:00","0.578","17"
"2016-12-07 01:00:00","0.562","23"
"2016-12-08 01:00:00","0.571","20"
"2016-12-09 01:00:00","0.557","41"
"2016-12-10 01:00:00","0.572","25"
"2016-12-11 01:00:00","0.582","27"
"2016-12-12 01:00:00","0.563","15"
"2016-12-13 01:00:00","0.575","39"
"2016-12-14 01:00:00","0.554","18"
"2016-12-15 01:00:00","0.561","19"
"2016-12-16 01:00:00","0.558","14"
"2016-12-17 01:00:00","0.521","39"
"2016-12-18 01:00:00","0.53","27"
"2016-12-19 01:00:00","0.501","23"
"2016-12-20 01:00:00","0.448","28"
"2016-12-21 01:00:00","0.45","30"
"2016-12-22 01:00:00","0.445","29"
"2016-12-23 01:00:00","0.476","29"
"2016-12-24 01:00:00","0.473","41"
"2016-12-25 01:00:00","0.478","66"
"2016-12-26 01:00:00","0.527","43"
"2016-12-27 01:00:00","0.544","33"
"2016-12-28 01:00:00","0.527","36"
"2016-12-29 01:00:00","0.554","45"
"2016-12-30 01:00:00","0.542","37"
"2016-12-31 01:00:00","0.571","27"
"2017-01-01 01:00:00","0.558","33"
"2017-01-02 01:00:00","0.552","45"
"2017-01-03 01:00:00","0.562","41"
"2017-01-04 01:00:00","0.555","40"
"2017-01-05 01:00:00","0.551","31"
"2017-01-06 01:00:00","0.556","27"
"2017-01-07 01:00:00","0.554","36"
"2017-01-08 01:00:00","0.534","51"
"2017-01-09 01:00:00","0.558","34"
"2017-01-10 01:00:00","0.564","40"
"2017-01-11 01:00:00","0.562","24"
"2017-01-12 01:00:00","0.535","31"
"2017-01-13 01:00:00","0.547","38"
"2017-01-14 01:00:00","0.547","43"
"2017-01-15 01:00:00","0.538","46"
"2017-01-16 01:00:00","0.54","30"
"2017-01-17 01:00:00","0.522","27"
"2017-01-18 01:00:00","0.528","29"
"2017-01-19 01:00:00","0.51","23"
"2017-01-20 01:00:00","0.503","34"
"2017-01-21 01:00:00","0.496","46"
"2017-01-22 01:00:00","0.489","37"
"2017-01-23 01:00:00","0.498","22"
"2017-01-24 01:00:00","0.491","20"
"2017-01-25 01:00:00","0.492","25"
"2017-01-26 01:00:00","0.489","37"
"2017-01-27 01:00:00","0.48","37"
"2017-01-28 01:00:00","0.474","60"
"2017-01-29 01:00:00","0.458","49"
"2017-01-30 01:00:00","0.42","29"
"2017-01-31 01:00:00","0.444","23"
"2017-02-01 01:00:00","0.502","16"
"2017-02-02 01:00:00","0.479","10"
"2017-02-03 01:00:00","0.503","12"
"2017-02-04 01:00:00","0.486","18"
"2017-02-05 01:00:00","0.466","18"
"2017-02-06 01:00:00","0.499","19"
"2017-02-07 01:00:00","0.454","12"
"2017-02-08 01:00:00","0.459","22"
"2017-02-09 01:00:00","0.491","17"
"2017-02-10 01:00:00","0.474","33"
"2017-02-11 01:00:00","0.48","30"
"2017-02-12 01:00:00","0.489","37"
"2017-02-13 01:00:00","0.509","17"
"2017-02-14 01:00:00","0.548","22"
"2017-02-15 01:00:00","0.546","12"
"2017-02-16 01:00:00","0.548","13"
"2017-02-17 01:00:00","0.545","9"
"2017-02-18 01:00:00","0.523","19"
"2017-02-19 01:00:00","0.544","14"
"2017-02-20 01:00:00","0.532","21"
"2017-02-21 01:00:00","0.528","9"
"2017-02-22 01:00:00","0.489","29"
"2017-02-23 01:00:00","0.487","19"
"2017-02-24 01:00:00","0.483","19"
"2017-02-25 01:00:00","0.486","17"
"2017-02-26 01:00:00","0.49","24"
"2017-02-27 01:00:00","0.42","51"
"2017-02-28 01:00:00","0.411","52"
"2017-03-01 01:00:00","0.455","16"
"2017-03-02 01:00:00","0.467","30"
"2017-03-03 01:00:00","0.464","34"
"2017-03-04 01:00:00","0.46","55"
"2017-03-05 01:00:00","0.454","64"
"2017-03-06 01:00:00","0.458","60"
"2017-03-07 01:00:00","0.446","39"
"2017-03-08 01:00:00","0.444","21"
"2017-03-09 01:00:00","0.44","27"
"2017-03-10 01:00:00","0.457","46"
"2017-03-11 01:00:00","0.486","42"
"2017-03-12 01:00:00","0.488","40"
"2017-03-13 01:00:00","0.49","24"
"2017-03-14 01:00:00","0.493","27"
"2017-03-15 01:00:00","0.488","28"
"2017-03-16 01:00:00","0.464","46"
"2017-03-17 01:00:00","0.478","56"
"2017-03-18 01:00:00","0.485","58"
"2017-03-19 01:00:00","0.496","51"
"2017-03-20 01:00:00","0.503","46"
"2017-03-21 01:00:00","0.547","27"
"2017-03-22 01:00:00","0.564","28"
"2017-03-23 01:00:00","0.567","19"
"2017-03-24 01:00:00","0.566","21"
"2017-03-25 01:00:00","0.55","23"
"2017-03-26 01:00:00","0.561","31"
"2017-03-27 01:00:00","0.56","18"
"2017-03-28 01:00:00","0.553","18"
"2017-03-29 01:00:00","0.569","20"
"2017-03-30 01:00:00","0.563","22"
"2017-03-31 01:00:00","0.564","26"
"2017-04-01 01:00:00","0.568","28"
"2017-04-02 01:00:00","0.561","28"
"2017-04-03 01:00:00","0.564","24"
"2017-04-04 01:00:00","0.547","23"
"2017-04-05 01:00:00","0.526","25"
"2017-04-06 01:00:00","0.546","19"
"2017-04-07 01:00:00","0.541","30"
"2017-04-08 01:00:00","0.547","34"
"2017-04-09 01:00:00","0.567","29"
"2017-04-10 01:00:00","0.577","35"
"2017-04-11 01:00:00","0.603","20"
"2017-04-12 01:00:00","0.611","26"
"2017-04-13 01:00:00","0.64","25"
"2017-04-14 01:00:00","0.733","34"
"2017-04-15 01:00:00","0.675","13"
"2017-04-16 01:00:00","0.672","22"
"2017-04-17 01:00:00","0.658","20"
"2017-04-18 01:00:00","0.616","22"
"2017-04-19 01:00:00","0.643","28"
"2017-04-20 01:00:00","0.643","25"
"2017-04-21 01:00:00","0.654","22"
"2017-04-22 01:00:00","0.674","24"
"2017-04-23 01:00:00","0.732","26"
"2017-04-24 01:00:00","0.685","16"
"2017-04-25 01:00:00","0.65","23"
"2017-04-26 01:00:00","0.663","12"
"2017-04-27 01:00:00","0.702","29"
"2017-04-28 01:00:00","0.725","23"
"2017-04-29 01:00:00","0.761","37"
"2017-04-30 01:00:00","0.797","21"
"2017-05-01 01:00:00","0.752","14"
"2017-05-02 01:00:00","0.75","17"
"2017-05-03 01:00:00","0.735","13"
"2017-05-04 01:00:00","0.724","14"
"2017-05-05 01:00:00","0.689","24"
"2017-05-06 01:00:00","0.712","25"
"2017-05-07 01:00:00","0.723","27"
"2017-05-08 01:00:00","0.762","7"
"2017-05-09 01:00:00","0.741","10"
"2017-05-10 01:00:00","0.678","13"
"2017-05-11 01:00:00","0.684","19"
"2017-05-12 01:00:00","0.696","15"
"2017-05-13 01:00:00","0.689","31"
"2017-05-14 01:00:00","0.686","20"
"2017-05-15 01:00:00","0.691","15"
"2017-05-16 01:00:00","0.695","25"
"2017-05-17 01:00:00","0.694","28"
"2017-05-18 01:00:00","0.685","17"
"2017-05-19 01:00:00","0.7","32"
"2017-05-20 01:00:00","0.715","30"
"2017-05-21 01:00:00","0.834","32"
"2017-05-22 01:00:00","0.954","17"
"2017-05-23 01:00:00","0.896","15"
"2017-05-24 01:00:00","0.784","14"
"2017-05-25 01:00:00","0.867","10"
"2017-05-26 01:00:00","0.877","12"
"2017-05-27 01:00:00","0.853","12"
"2017-05-28 01:00:00","0.798","17"
"2017-05-29 01:00:00","0.828","7"
"2017-05-30 01:00:00","0.824","17"
"2017-05-31 01:00:00","0.817","20"
"2017-06-01 01:00:00","0.86","9"
"2017-06-02 01:00:00","0.832","18"
"2017-06-03 01:00:00","0.864","10"
"2017-06-04 01:00:00","0.838","13"
"2017-06-05 01:00:00","0.844","9"
"2017-06-06 01:00:00","0.845","10"
"2017-06-07 01:00:00","0.829","9"
"2017-06-08 01:00:00","0.83","15"
"2017-06-09 01:00:00","0.835","18"
"2017-06-10 01:00:00","0.771","10"
"2017-06-11 01:00:00","0.8","16"
"2017-06-12 01:00:00","0.808","5"
"2017-06-13 01:00:00","0.82","5"
"2017-06-14 01:00:00","0.796","16"
"2017-06-15 01:00:00","0.801","4"
"2017-06-16 01:00:00","0.778","14"
"2017-06-17 01:00:00","0.695","9"
"2017-06-18 01:00:00","0.653","8"
"2017-06-19 01:00:00","0.65","21"
"2017-06-20 01:00:00","0.637","14"
"2017-06-21 01:00:00","0.642","17"
"2017-06-22 01:00:00","0.627","13"
"2017-06-23 01:00:00","0.579","8"
"2017-06-24 01:00:00","0.563","14"
"2017-06-25 01:00:00","0.605","18"
"2017-06-26 01:00:00","0.623","27"
"2017-06-27 01:00:00","0.625","12"
"2017-06-28 01:00:00","0.629","21"
"2017-06-29 01:00:00","0.639","21"
"2017-06-30 01:00:00","0.672","24"
"2017-07-01 01:00:00","0.822","14"
"2017-07-02 01:00:00","0.796","9"
"2017-07-03 01:00:00","0.753","14"
"2017-07-04 01:00:00","0.786","10"
"2017-07-05 01:00:00","0.772","9"
"2017-07-06 01:00:00","0.736","9"
"2017-07-07 01:00:00","0.709","14"
"2017-07-08 01:00:00","0.703","14"
"2017-07-09 01:00:00","0.717","7"
"2017-07-10 01:00:00","0.713","8"
"2017-07-11 01:00:00","0.708","5"
"2017-07-12 01:00:00","0.673","9"
"2017-07-13 01:00:00","0.675","12"
"2017-07-14 01:00:00","0.674","13"
"2017-07-15 01:00:00","0.648","20"
"2017-07-16 01:00:00","0.653","10"
"2017-07-17 01:00:00","0.698","9"
"2017-07-18 01:00:00","0.727","5"
"2017-07-19 01:00:00","0.68","4"
"2017-07-20 01:00:00","0.609","4"
"2017-07-21 01:00:00","0.683","9"
"2017-07-22 01:00:00","0.731","4"
"2017-07-23 01:00:00","0.638","29"
"2017-07-24 01:00:00","0.563","11"
"2017-07-25 01:00:00","0.686","4"
"2017-07-26 01:00:00","0.684","8"
"2017-07-27 01:00:00","0.716","6"
"2017-07-28 01:00:00","0.72","6"
"2017-07-29 01:00:00","0.725","7"
"2017-07-30 01:00:00","0.715","10"
"2017-07-31 01:00:00","0.727","11"
"2017-08-01 01:00:00","0.734","7"
"2017-08-02 01:00:00","0.71","7"
"2017-08-03 01:00:00","0.774","12"
"2017-08-04 01:00:00","0.812","7"
"2017-08-05 01:00:00","0.732","6"
"2017-08-06 01:00:00","0.774","6"
"2017-08-07 01:00:00","0.762","10"
"2017-08-08 01:00:00","0.756","9"
"2017-08-09 01:00:00","0.752","5"
"2017-08-10 01:00:00","0.785","6"
"2017-08-11 01:00:00","0.787","15"
"2017-08-12 01:00:00","0.767","6"
"2017-08-13 01:00:00","0.713","8"
"2017-08-14 01:00:00","0.694","5"
"2017-08-15 01:00:00","0.64","1"
"2017-08-16 01:00:00","0.628","14"
"2017-08-17 01:00:00","0.668","10"
"2017-08-18 01:00:00","0.721","13"
"2017-08-19 01:00:00","0.72","8"
"2017-08-20 01:00:00","0.756","12"
"2017-08-21 01:00:00","0.758","5"
"2017-08-22 01:00:00","0.792","6"
"2017-08-23 01:00:00","0.734","8"
"2017-08-24 01:00:00","0.75","7"
"2017-08-25 01:00:00","0.706","5"
"2017-08-26 01:00:00","0.758","15"
"2017-08-27 01:00:00","0.749","17"
"2017-08-28 01:00:00","0.74","3"
"2017-08-29 01:00:00","0.77","13"
"2017-08-30 01:00:00","0.724","6"
"2017-08-31 01:00:00","0.772","7"
"2017-09-01 01:00:00","0.758","5"
"2017-09-02 01:00:00","0.783","6"
"2017-09-03 01:00:00","0.781","9"
"2017-09-04 01:00:00","0.797","6"
"2017-09-05 01:00:00","0.789","5"
"2017-09-06 01:00:00","0.794","5"
"2017-09-07 01:00:00","0.759","3"
"2017-09-08 01:00:00","0.798","6"
"2017-09-09 01:00:00","0.806","13"
"2017-09-10 01:00:00","0.822","5"
"2017-09-11 01:00:00","0.811","5"
"2017-09-12 01:00:00","0.761","5"
"2017-09-13 01:00:00","0.766","2"
"2017-09-14 01:00:00","0.741","8"
"2017-09-15 01:00:00","0.788","8"
"2017-09-16 01:00:00","0.798","10"
"2017-09-17 01:00:00","0.8","11"
"2017-09-18 01:00:00","0.767","12"
"2017-09-19 01:00:00","0.772","9"
"2017-09-20 01:00:00","0.769","7"
"2017-09-21 01:00:00","0.746","4"
"2017-09-22 01:00:00","0.757","10"
"2017-09-23 01:00:00","0.76","13"
"2017-09-24 01:00:00","0.744","10"
"2017-09-25 01:00:00","0.748","12"
"2017-09-26 01:00:00","0.755","10"
"2017-09-27 01:00:00","0.768","10"
"2017-09-28 01:00:00","0.755","10"
"2017-09-29 01:00:00","0.775","10"
"2017-09-30 01:00:00","0.794","15"
"2017-10-01 01:00:00","0.809","5"
"2017-10-02 01:00:00","0.824","7"
"2017-10-03 01:00:00","0.787","7"
"2017-10-04 01:00:00","0.785","10"
"2017-10-05 01:00:00","0.781","8"
"2017-10-06 01:00:00","0.825","8"
"2017-10-07 01:00:00","0.659","7"
"2017-10-08 01:00:00","0.817","6"
"2017-10-09 01:00:00","0.766","6"
"2017-10-10 01:00:00","0.762","4"
"2017-10-11 01:00:00","0.77","5"
"2017-10-12 01:00:00","0.825","3"
"2017-10-13 01:00:00","0.829","9"
"2017-10-14 01:00:00","0.881","17"
"2017-10-15 01:00:00","0.903","8"
"2017-10-16 01:00:00","0.903","4"
"2017-10-17 01:00:00","0.865","3"
"2017-10-18 01:00:00","0.792","9"
"2017-10-19 01:00:00","0.798","8"
"2017-10-20 01:00:00","0.817","7"
"2017-10-21 01:00:00","0.837","10"
"2017-10-22 01:00:00","0.903","11"
"2017-10-23 01:00:00","0.941","10"
"2017-10-24 01:00:00","0.912","2"
"2017-10-25 01:00:00","0.94","2"
"2017-10-26 01:00:00","0.937","2"
"2017-10-27 01:00:00","0.932","4"
"2017-10-28 01:00:00","0.905","6"
"2017-10-29 01:00:00","0.917","5"
"2017-10-30 01:00:00","0.916","6"
"2017-10-31 01:00:00","0.855","6"
"2017-11-01 01:00:00","0.876","4"
"2017-11-02 01:00:00","0.846","8"
"2017-11-03 01:00:00","0.861","5"
"2017-11-04 01:00:00","0.858","3"
"2017-11-05 01:00:00","0.86","13"
"2017-11-06 01:00:00","0.889","5"
"2017-11-07 01:00:00","0.929","4"
"2017-11-08 01:00:00","0.928","7"
"2017-11-10 01:00:00","0.834","5"
"2017-11-11 01:00:00","0.794","7"
"2017-11-12 01:00:00","0.89","7"
"2017-11-13 01:00:00","0.906","6"
"2017-11-14 01:00:00","0.847","5"
"2017-11-15 01:00:00","0.881","1"
"2017-11-16 01:00:00","0.861","2"
"2017-11-17 01:00:00","0.835","5"
"2017-11-18 01:00:00","0.821","4"
"2017-11-19 01:00:00","0.701","9"
"2017-11-20 01:00:00","0.684","11"
"2017-11-21 01:00:00","0.697","2"
"2017-11-22 01:00:00","0.701","4"
"2017-11-23 01:00:00","0.702","8"
"2017-11-24 01:00:00","0.706","15"
"2017-11-25 01:00:00","0.77","9"
"2017-11-26 01:00:00","0.767","4"
"2017-11-27 01:00:00","0.687","3"
"2017-11-28 01:00:00","0.672","12"
"2017-11-29 01:00:00","0.718","4"
"2017-11-30 01:00:00","0.758","5"
"2017-12-01 01:00:00","0.735","3"
"2017-12-02 01:00:00","0.737","5"
"2017-12-03 01:00:00","0.741","5"
"2017-12-04 01:00:00","0.749","10"
"2017-12-05 01:00:00","0.77","6"
"2017-12-06 01:00:00","0.763","13"
"2017-12-07 01:00:00","0.823","7"
"2017-12-08 01:00:00","0.86","7"
"2017-12-09 01:00:00","0.871","7"
"2017-12-10 01:00:00","0.871","4"
"2017-12-11 01:00:00","0.86","3"
"2017-12-12 01:00:00","0.863","4"
"2017-12-13 01:00:00","0.855","2"
"2017-12-14 01:00:00","0.825","8"
"2017-12-15 01:00:00","0.821","3"
"2017-12-16 01:00:00","0.863","5"
"2017-12-17 01:00:00","0.848","4"
"2017-12-18 01:00:00","0.769","5"
"2017-12-19 01:00:00","0.853","3"
"2017-12-20 01:00:00","0.85","7"
"2017-12-21 01:00:00","0.847","4"
"2017-12-22 01:00:00","0.797","4"
"2017-12-23 01:00:00","0.842","7"
"2017-12-24 01:00:00","0.758","3"
"2017-12-25 01:00:00","0.804","10"
"2017-12-26 01:00:00","0.81","14"
"2017-12-27 01:00:00","0.842","12"
"2017-12-28 01:00:00","0.894","10"
"2017-12-29 01:00:00","0.921","10"
"2017-12-30 01:00:00","0.957","7"
"2017-12-31 01:00:00","0.99","1"
"2018-01-01 01:00:00","0.988","5"
"2018-01-02 01:00:00","0.956","6"
"2018-01-03 01:00:00","0.984","6"
"2018-01-04 01:00:00","1.004","6"
"2018-01-05 01:00:00","1.058","4"
"2018-01-06 01:00:00","0.936","7"
"2018-01-08 01:00:00","0.913","2"
"2018-01-09 01:00:00","0.889","5"
"2018-01-10 01:00:00","0.894","6"
"2018-01-11 01:00:00","0.978","3"
"2018-01-12 01:00:00","0.869","6"
"2018-01-13 01:00:00","0.809","15"
"2018-01-14 01:00:00","0.797","7"
"2018-01-15 01:00:00","0.824","9"
"2018-01-16 01:00:00","0.882","12"
"2018-01-17 01:00:00","0.914","7"
"2018-01-18 01:00:00","0.897","4"
"2018-01-19 01:00:00","0.908","11"
"2018-01-20 01:00:00","0.907","9"
"2018-01-21 01:00:00","0.909","4"
"2018-01-22 01:00:00","0.91","4"
"2018-01-23 01:00:00","0.917","6"
"2018-01-24 01:00:00","0.915","10"
"2018-01-25 01:00:00","0.913","6"
"2018-01-26 01:00:00","0.917","7"
"2018-01-27 01:00:00","0.828","11"
"2018-01-28 01:00:00","0.888","9"
"2018-01-29 01:00:00","0.84","9"
"2018-01-30 01:00:00","0.886","6"
"2018-01-31 01:00:00","0.879","5"
"2018-02-01 01:00:00","0.894","6"
"2018-02-02 01:00:00","0.934","7"
"2018-02-03 01:00:00","0.969","8"
"2018-02-04 01:00:00","0.997","2"
"2018-02-06 01:00:00","1.013","7"
"2018-02-07 01:00:00","1.083","1"
"2018-02-08 01:00:00","1.06","1"
"2018-02-09 01:00:00","1.035","4"
"2018-02-10 01:00:00","1.082","4"
"2018-02-11 01:00:00","1.163","1"
"2018-02-12 01:00:00","1.06","3"
"2018-02-13 01:00:00","1.036","4"
"2018-02-14 01:00:00","1.063","4"
"2018-02-15 01:00:00","1.046","4"
"2018-02-16 01:00:00","0.943","6"
"2018-02-17 01:00:00","0.971","4"
"2018-02-18 01:00:00","1.005","6"
"2018-02-19 01:00:00","0.998","2"
"2018-02-20 01:00:00","0.973","1"
"2018-02-21 01:00:00","0.911","7"
"2018-02-22 01:00:00","0.888","4"
"2018-02-23 01:00:00","0.902","5"
"2018-02-24 01:00:00","0.879","8"
"2018-02-25 01:00:00","0.946","6"
"2018-02-26 01:00:00","0.987","7"
"2018-02-27 01:00:00","0.981","3"
"2018-02-28 01:00:00","0.987","7"
"2018-03-01 01:00:00","0.937","3"
"2018-03-02 01:00:00","0.984","3"
"2018-03-03 01:00:00","0.863","8"
"2018-03-04 01:00:00","0.979","4"
"2018-03-05 01:00:00","0.963","3"
"2018-03-06 01:00:00","0.985","1"
"2018-03-07 01:00:00","0.979","2"
"2018-03-08 01:00:00","0.963","4"
"2018-03-09 01:00:00","0.962","13"
"2018-03-10 01:00:00","0.949","10"
"2018-03-11 01:00:00","0.913","5"
"2018-03-12 01:00:00","0.972","1"
"2018-03-14 01:00:00","0.949","4"
"2018-03-15 01:00:00","0.947","4"
"2018-03-16 01:00:00","0.907","1"
"2018-03-17 01:00:00","0.911","4"
"2018-03-18 01:00:00","0.79","2"
"2018-03-19 01:00:00","0.888","4"
"2018-03-20 01:00:00","0.893","6"
"2018-03-21 01:00:00","0.923","3"
"2018-03-22 01:00:00","0.896","4"
"2018-03-23 01:00:00","0.922","1"
"2018-03-24 01:00:00","0.917","4"
"2018-03-25 01:00:00","0.897","3"
"2018-03-26 01:00:00","0.907","3"
"2018-03-27 01:00:00","0.907","3"
"2018-03-28 01:00:00","0.863","16"
"2018-03-29 01:00:00","0.893","6"
"2018-03-30 01:00:00","0.961","3"
"2018-03-31 01:00:00","0.949","1"
"2018-04-01 01:00:00","0.962","10"
"2018-04-02 01:00:00","0.977","5"
"2018-04-03 01:00:00","0.962","3"
"2018-04-04 01:00:00","0.979","6"
"2018-04-05 01:00:00","0.871","2"
"2018-04-06 01:00:00","0.969","3"
"2018-04-07 01:00:00","0.906","1"
"2018-04-08 01:00:00","0.988","3"
"2018-04-10 01:00:00","0.854","2"
"2018-04-11 01:00:00","0.889","2"
"2018-04-12 01:00:00","0.865","6"
"2018-04-13 01:00:00","0.977","4"
"2018-04-14 01:00:00","0.984","2"
"2018-04-15 01:00:00","0.983","6"
"2018-04-16 01:00:00","0.861","45"
"2018-04-17 01:00:00","0.682","45"
"2018-04-18 01:00:00","0.732","4"
"2018-04-19 01:00:00","0.733","3"
"2018-04-20 01:00:00","0.731","6"
"2018-04-21 01:00:00","0.812","41"
"2018-04-22 01:00:00","1.001","27"
"2018-04-23 01:00:00","1.033","4"
"2018-04-24 01:00:00","1.041","3"
"2018-04-25 01:00:00","1.052","2"
"2018-04-26 01:00:00","1.049","6"
"2018-04-27 01:00:00","1.07","2"
"2018-04-28 01:00:00","1.063","1"
"2018-04-29 01:00:00","1.027","3"
"2018-04-30 01:00:00","1.079","4"
"2018-05-01 01:00:00","1.091","3"
"2018-05-02 01:00:00","1.08","4"
"2018-05-03 01:00:00","1.06","2"
"2018-05-04 01:00:00","1.053","2"
"2018-05-05 01:00:00","1.06","1"
"2018-05-07 01:00:00","1.048","1"
"2018-05-08 01:00:00","1.05","3"
"2018-05-09 01:00:00","1.042","1"
"2018-05-10 01:00:00","1.045","1"
"2018-05-11 01:00:00","0.91","3"
"2018-05-12 01:00:00","1.0","3"
"2018-05-14 01:00:00","1.068","1"
"2018-05-16 01:00:00","0.942","3"
"2018-05-17 01:00:00","0.968","2"
"2018-05-18 01:00:00","0.937","2"
"2018-05-19 01:00:00","0.95","6"
"2018-05-20 01:00:00","0.949","5"
"2018-05-21 01:00:00","0.953","1"
"2018-05-22 01:00:00","0.959","1"
"2018-05-23 01:00:00","0.964","4"
"2018-05-24 01:00:00","1.007","16"
"2018-05-25 01:00:00","0.895","13"
"2018-05-26 01:00:00","0.844","2"
"2018-05-27 01:00:00","0.897","5"
"2018-05-28 01:00:00","0.984","2"
"2018-05-29 01:00:00","1.0","1"
"2018-05-30 01:00:00","1.022","3"
"2018-05-31 01:00:00","1.01","1"
"2018-06-01 01:00:00","0.98","1"
"2018-06-02 01:00:00","0.913","13"
"2018-06-03 01:00:00","1.023","2"
"2018-06-05 01:00:00","0.94","1"
"2018-06-06 01:00:00","1.055","2"
"2018-06-08 01:00:00","0.95","3"
"2018-06-09 01:00:00","0.99","3"
"2018-06-10 01:00:00","0.868","2"
"2018-06-11 01:00:00","0.794","2"
"2018-06-12 01:00:00","0.82","3"
"2018-06-13 01:00:00","0.889","3"
"2018-06-14 01:00:00","0.891","3"
"2018-06-15 01:00:00","0.873","3"
"2018-06-16 01:00:00","0.843","3"
"2018-06-17 01:00:00","0.87","1"
"2018-06-18 01:00:00","0.881","2"
"2018-06-19 01:00:00","0.871","4"
"2018-06-20 01:00:00","0.882","2"
"2018-06-21 01:00:00","0.857","2"
"2018-06-22 01:00:00","0.751","3"
"2018-06-24 01:00:00","0.717","10"
"2018-06-25 01:00:00","0.753","2"
"2018-06-26 01:00:00","0.791","2"
"2018-06-27 01:00:00","0.698","4"
"2018-06-28 01:00:00","0.693","1"
"2018-06-29 01:00:00","0.698","7"
"2018-06-30 01:00:00","0.7","6"
"2018-07-01 01:00:00","0.697","6"
"2018-07-02 01:00:00","0.696","4"
"2018-07-04 01:00:00","0.64","1"
"2018-07-05 01:00:00","0.677","4"
"2018-07-06 01:00:00","0.734","5"
"2018-07-07 01:00:00","0.744","1"
"2018-07-10 01:00:00","0.772","2"
"2018-07-11 01:00:00","0.775","3"
"2018-07-12 01:00:00","0.771","4"
"2018-07-13 01:00:00","0.772","3"
"2018-07-14 01:00:00","0.718","2"
"2018-07-15 01:00:00","0.668","8"
"2018-07-16 01:00:00","0.696","3"
"2018-07-17 01:00:00","0.754","3"
"2018-07-19 01:00:00","0.766","2"
"2018-07-20 01:00:00","0.767","2"
"2018-07-21 01:00:00","0.774","2"
"2018-07-22 01:00:00","0.767","8"
"2018-07-24 01:00:00","0.729","4"
"2018-07-25 01:00:00","0.755","3"
"2018-07-26 01:00:00","0.745","2"
"2018-07-27 01:00:00","0.77","10"
"2018-07-29 01:00:00","0.75","6"
"2018-07-30 01:00:00","0.772","3"
"2018-07-31 01:00:00","0.762","4"
"2018-08-01 01:00:00","0.738","5"
"2018-08-02 01:00:00","0.775","12"
"2018-08-03 01:00:00","0.762","4"
"2018-08-04 01:00:00","0.773","15"
"2018-08-05 01:00:00","0.756","7"
"2018-08-06 01:00:00","0.772","6"
"2018-08-07 01:00:00","0.765","4"
"2018-08-08 01:00:00","0.772","5"
"2018-08-09 01:00:00","0.773","7"
"2018-08-10 01:00:00","0.781","1"
"2018-08-11 01:00:00","0.761","3"
"2018-08-12 01:00:00","0.753","13"
"2018-08-13 01:00:00","0.797","6"
"2018-08-14 01:00:00","0.81","4"
"2018-08-15 01:00:00","0.878","10"
"2018-08-16 01:00:00","0.911","3"
"2018-08-17 01:00:00","0.926","8"
"2018-08-18 01:00:00","1.003","1"
"2018-08-19 01:00:00","0.955","5"
"2018-08-20 01:00:00","0.838","7"
"2018-08-21 01:00:00","0.908","3"
"2018-08-22 01:00:00","0.919","7"
"2018-08-23 01:00:00","0.908","5"
"2018-08-24 01:00:00","1.004","6"
"2018-08-25 01:00:00","0.999","4"
"2018-08-26 01:00:00","1.003","1"
"2018-08-27 01:00:00","0.843","22"
"2018-08-28 01:00:00","0.781","13"
"2018-08-29 01:00:00","0.816","6"
"2018-08-30 01:00:00","0.914","1"
"2018-08-31 01:00:00","0.953","2"
"2018-09-01 01:00:00","0.987","2"
"2018-09-02 01:00:00","0.99","2"
"2018-09-03 01:00:00","0.98","1"
"2018-09-04 01:00:00","0.999","1"
"2018-09-05 01:00:00","0.988","3"
"2018-09-06 01:00:00","1.001","3"
"2018-09-07 01:00:00","1.006","2"
"2018-09-08 01:00:00","1.003","4"
"2018-09-09 01:00:00","0.911","3"
"2018-09-10 01:00:00","0.999","3"
"2018-09-11 01:00:00","0.947","4"
"2018-09-13 01:00:00","0.956","3"
"2018-09-14 01:00:00","0.99","3"
"2018-09-15 01:00:00","0.995","4"
"2018-09-16 01:00:00","0.83","4"
"2018-09-17 01:00:00","0.915","7"
"2018-09-18 01:00:00","0.96","2"
"2018-09-19 01:00:00","0.982","2"
"2018-09-20 01:00:00","0.971","1"
"2018-09-22 01:00:00","0.993","3"
"2018-09-23 01:00:00","0.943","5"
"2018-09-24 01:00:00","1.003","3"
"2018-09-25 01:00:00","1.0","2"
"2018-09-26 01:00:00","0.99","3"
"2018-09-27 01:00:00","1.009","1"
"2018-09-28 01:00:00","0.968","6"
"2018-09-29 01:00:00","0.997","2"
"2018-10-02 01:00:00","1.0","1"
"2018-10-03 01:00:00","0.991","2"
"2018-10-04 01:00:00","0.991","2"
"2018-10-05 01:00:00","0.99","1"
"2018-10-06 01:00:00","0.999","2"
"2018-10-07 01:00:00","1.002","2"
"2018-10-09 01:00:00","0.997","2"
"2018-10-10 01:00:00","0.998","2"
"2018-10-12 01:00:00","0.983","3"
"2018-10-14 01:00:00","0.964","2"
"2018-10-15 01:00:00","0.997","1"
"2018-10-16 01:00:00","0.953","1"
"2018-10-18 01:00:00","0.99","1"
"2018-10-19 01:00:00","0.988","2"
"2018-10-20 01:00:00","0.988","1"
"2018-10-21 01:00:00","1.0","1"
"2018-10-22 01:00:00","1.003","2"
"2018-10-24 01:00:00","0.997","3"
"2018-10-25 01:00:00","0.95","2"
"2018-10-26 01:00:00","0.991","5"
"2018-10-28 01:00:00","0.908","3"
"2018-10-29 01:00:00","0.981","2"
"2018-10-30 01:00:00","0.988","1"
"2018-10-31 01:00:00","0.919","2"
"2018-11-01 01:00:00","1.001","1"
"2018-11-02 01:00:00","0.98","1"
"2018-11-03 01:00:00","0.946","2"
"2018-11-05 01:00:00","0.996","2"
"2018-11-06 01:00:00","1.006","2"
"2018-11-07 01:00:00","1.012","1"
"2018-11-08 01:00:00","1.002","3"
"2018-11-09 01:00:00","1.0","1"
"2018-11-10 01:00:00","1.013","1"
"2018-11-11 01:00:00","1.001","4"
"2018-11-12 01:00:00","1.0","1"
"2018-11-13 01:00:00","1.0","3"
"2018-11-14 01:00:00","0.998","4"
"2018-11-15 01:00:00","1.0","1"
"2018-11-16 01:00:00","0.965","2"
"2018-11-17 01:00:00","0.974","2"
"2018-11-18 01:00:00","0.979","6"
"2018-11-19 01:00:00","0.922","6"
"2018-11-21 01:00:00","0.982","1"
"2018-11-22 01:00:00","0.881","6"
"2018-11-23 01:00:00","0.877","2"
"2018-11-24 01:00:00","0.909","6"
"2018-11-25 01:00:00","0.97","1"
"2018-11-26 01:00:00","0.992","4"
"2018-11-27 01:00:00","1.012","1"
"2018-11-28 01:00:00","1.025","1"
"2018-12-01 01:00:00","0.888","2"
"2018-12-02 01:00:00","0.886","8"
"2018-12-03 01:00:00","0.914","2"
"2018-12-04 01:00:00","0.913","2"
"2018-12-05 01:00:00","0.99","2"
"2018-12-06 01:00:00","0.989","1"
"2018-12-07 01:00:00","0.964","5"
"2018-12-08 01:00:00","0.953","4"
"2018-12-09 01:00:00","0.973","3"
"2018-12-10 01:00:00","0.945","2"
"2018-12-12 01:00:00","1.006","6"
"2018-12-13 01:00:00","0.981","2"
"2018-12-14 01:00:00","0.972","2"
"2018-12-15 01:00:00","0.986","9"
"2018-12-16 01:00:00","1.027","2"
"2018-12-17 01:00:00","1.002","1"
"2018-12-18 01:00:00","0.963","4"
"2018-12-19 01:00:00","0.998","3"
"2018-12-20 01:00:00","1.004","2"
"2018-12-21 01:00:00","1.025","4"
"2018-12-22 01:00:00","1.029","4"
"2018-12-23 01:00:00","1.054","5"
"2018-12-24 01:00:00","0.875","7"
"2018-12-25 01:00:00","1.036","2"
"2018-12-26 01:00:00","1.049","3"
"2018-12-27 01:00:00","0.993","3"
"2018-12-28 01:00:00","1.081","4"
"2018-12-29 01:00:00","1.085","4"
"2018-12-30 01:00:00","1.1","3"
"2018-12-31 01:00:00","1.111","5"
"2019-01-01 01:00:00","0.985","2"
"2019-01-02 01:00:00","1.127","3"
"2019-01-03 01:00:00","1.023","5"
"2019-01-04 01:00:00","1.127","6"
"2019-01-05 01:00:00","1.095","2"
"2019-01-07 01:00:00","1.084","2"
"2019-01-08 01:00:00","1.142","2"
"2019-01-09 01:00:00","1.163","2"
"2019-01-10 01:00:00","1.169","3"
"2019-01-11 01:00:00","1.193","1"
"2019-01-12 01:00:00","1.186","3"
"2019-01-13 01:00:00","1.152","3"
"2019-01-15 01:00:00","1.14","7"
"2019-01-16 01:00:00","1.183","2"
"2019-01-17 01:00:00","1.194","3"
"2019-01-18 01:00:00","1.142","3"
"2019-01-19 01:00:00","1.101","8"
"2019-01-20 01:00:00","1.004","3"
"2019-01-21 01:00:00","1.15","3"
"2019-01-23 01:00:00","1.178","3"
"2019-01-25 01:00:00","1.193","1"
"2019-01-26 01:00:00","1.126","4"
"2019-01-27 01:00:00","1.193","1"
"2019-01-28 01:00:00","1.181","6"
"2019-01-29 01:00:00","1.211","2"
"2019-01-30 01:00:00","1.233","1"
"2019-01-31 01:00:00","1.24","1"
"2019-02-01 01:00:00","1.213","3"
"2019-02-02 01:00:00","1.204","3"
"2019-02-03 01:00:00","1.229","5"
"2019-02-04 01:00:00","1.289","3"
"2019-02-05 01:00:00","1.42","1"
"2019-02-07 01:00:00","1.896","2"
"2019-02-08 01:00:00","1.545","2"
"2019-02-09 01:00:00","1.529","1"
"2019-02-11 01:00:00","1.372","3"
"2019-02-12 01:00:00","1.421","1"
"2019-02-13 01:00:00","1.46","1"
"2019-02-16 01:00:00","1.423","1"
"2019-02-17 01:00:00","1.231","1"
"2019-02-18 01:00:00","1.42","1"
"2019-02-19 01:00:00","1.416","1"
"2019-02-21 01:00:00","1.356","2"
"2019-02-22 01:00:00","1.416","2"
"2019-02-23 01:00:00","1.42","1"
"2019-02-24 01:00:00","1.3","2"
"2019-02-25 01:00:00","1.393","1"
"2019-02-27 01:00:00","1.397","1"
"2019-03-01 01:00:00","1.371","2"
"2019-03-02 01:00:00","1.286","3"
"2019-03-03 01:00:00","1.155","2"
"2019-03-04 01:00:00","1.151","3"
"2019-03-05 01:00:00","0.888","3"
"2019-03-06 01:00:00","1.222","1"
"2019-03-08 01:00:00","1.222","2"
"2019-03-09 01:00:00","1.2","2"
"2019-03-11 01:00:00","1.204","1"
"2019-03-14 01:00:00","1.106","1"
"2019-03-15 01:00:00","1.166","3"
"2019-03-16 01:00:00","1.209","1"
"2019-03-17 01:00:00","1.205","2"
"2019-03-18 01:00:00","1.211","6"
"2019-03-19 01:00:00","1.196","1"
"2019-03-20 01:00:00","1.051","2"
"2019-03-21 01:00:00","1.037","3"
"2019-03-22 01:00:00","1.148","5"
"2019-03-23 01:00:00","1.208","2"
"2019-03-24 01:00:00","1.105","2"
"2019-03-25 01:00:00","1.101","2"
"2019-03-26 01:00:00","1.08","1"
"2019-03-27 01:00:00","1.081","1"
"2019-03-28 01:00:00","1.112","2"
"2019-03-29 01:00:00","1.129","5"
"2019-03-30 01:00:00","1.117","7"
"2019-03-31 01:00:00","1.09","5"
"2019-04-01 01:00:00","0.89","1"
"2019-04-02 01:00:00","1.115","1"
"2019-04-03 01:00:00","1.042","3"
"2019-04-04 01:00:00","1.039","5"
"2019-04-05 01:00:00","1.176","3"
"2019-04-06 01:00:00","1.209","1"
"2019-04-07 01:00:00","1.202","5"
"2019-04-08 01:00:00","1.2","1"
"2019-04-09 01:00:00","1.193","1"
"2019-04-10 01:00:00","1.025","1"
"2019-04-11 01:00:00","1.123","1"
"2019-04-12 01:00:00","1.051","7"
"2019-04-13 01:00:00","1.129","2"
"2019-04-14 01:00:00","1.173","3"
"2019-04-15 01:00:00","1.21","4"
"2019-04-16 01:00:00","1.202","3"
"2019-04-17 01:00:00","1.183","4"
"2019-04-18 01:00:00","1.194","3"
"2019-04-19 01:00:00","1.204","3"
"2019-04-20 01:00:00","1.207","5"
"2019-04-21 01:00:00","1.207","1"
"2019-04-22 01:00:00","1.218","3"
"2019-04-23 01:00:00","1.238","2"
"2019-04-24 01:00:00","1.209","1"
"2019-04-25 01:00:00","1.192","4"
"2019-04-26 01:00:00","1.014","4"
"2019-04-27 01:00:00","1.103","3"
"2019-04-28 01:00:00","1.175","7"
"2019-04-29 01:00:00","1.17","1"
"2019-04-30 01:00:00","1.126","5"
"2019-05-01 01:00:00","0.975","1"
"2019-05-03 01:00:00","1.142","7"
"2019-05-04 01:00:00","1.121","5"
"2019-05-06 01:00:00","1.201","6"
"2019-05-07 01:00:00","1.182","1"
"2019-05-08 01:00:00","1.22","3"
"2019-05-09 01:00:00","1.283","6"
"2019-05-10 01:00:00","1.28","2"
"2019-05-11 01:00:00","1.288","3"
"2019-05-12 01:00:00","1.291","2"
"2019-05-13 01:00:00","1.28","1"
"2019-05-14 01:00:00","1.278","3"
"2019-05-15 01:00:00","1.255","1"
"2019-05-16 01:00:00","1.279","2"
"2019-05-17 01:00:00","1.272","2"
"2019-05-18 01:00:00","1.104","1"
"2019-05-19 01:00:00","1.261","5"
"2019-05-21 01:00:00","1.285","11"
"2019-05-22 01:00:00","1.244","4"
"2019-05-23 01:00:00","2.047","37"
"2019-05-24 01:00:00","2.191","9"
"2019-05-25 01:00:00","2.218","3"
"2019-05-26 01:00:00","2.125","4"
"2019-05-28 01:00:00","2.03","1"
"2019-05-30 01:00:00","2.027","2"
"2019-05-31 01:00:00","1.733","1"
"2019-06-01 01:00:00","1.843","4"
"2019-06-02 01:00:00","1.704","4"
"2019-06-03 01:00:00","1.692","2"
"2019-06-04 01:00:00","1.664","2"
"2019-06-05 01:00:00","1.855","2"
"2019-06-06 01:00:00","1.719","2"
"2019-06-07 01:00:00","1.85","3"
"2019-06-08 01:00:00","1.42","3"
"2019-06-09 01:00:00","1.829","1"
"2019-06-10 01:00:00","1.65","3"
"2019-06-11 01:00:00","1.727","4"
"2019-06-12 01:00:00","1.158","3"
"2019-06-13 01:00:00","1.577","2"
"2019-06-14 01:00:00","1.725","1"
"2019-06-15 01:00:00","1.531","2"
"2019-06-16 01:00:00","1.484","4"
"2019-06-17 01:00:00","1.12","1"
"2019-06-18 01:00:00","1.542","7"
"2019-06-19 01:00:00","1.592","5"
"2019-06-20 01:00:00","1.615","4"
"2019-06-21 01:00:00","1.78","2"
"2019-06-23 01:00:00","1.783","1"
"2019-06-26 01:00:00","1.817","1"
"2019-06-27 01:00:00","1.685","2"
"2019-06-28 01:00:00","1.613","3"
"2019-06-30 01:00:00","1.665","1"
"2019-07-01 01:00:00","1.666","1"
"2019-07-02 01:00:00","1.467","2"
"2019-07-03 01:00:00","1.007","2"
"2019-07-04 01:00:00","1.54","1"
"2019-07-05 01:00:00","1.591","8"
"2019-07-06 01:00:00","1.495","2"
"2019-07-07 01:00:00","1.65","1"
"2019-07-08 01:00:00","1.553","3"
"2019-07-09 01:00:00","1.633","1"
"2019-07-10 01:00:00","1.578","3"
"2019-07-11 01:00:00","1.677","3"
"2019-07-12 01:00:00","1.767","2"
"2019-07-13 01:00:00","1.731","13"
"2019-07-14 01:00:00","1.857","2"
"2019-07-15 01:00:00","1.862","2"
"2019-07-16 01:00:00","1.871","2"
"2019-07-19 01:00:00","1.722","2"
"2019-07-20 01:00:00","1.72","3"
"2019-07-22 01:00:00","1.725","1"
"2019-07-25 01:00:00","1.78","12"
"2019-07-26 01:00:00","1.85","1"
"2019-07-27 01:00:00","1.836","2"
"2019-07-28 01:00:00","1.859","1"
"2019-07-29 01:00:00","1.881","1"
"2019-07-30 01:00:00","1.612","1"
"2019-07-31 01:00:00","1.88","1"
"2019-08-01 01:00:00","1.701","4"
"2019-08-03 01:00:00","1.792","3"
"2019-08-04 01:00:00","1.608","3"
"2019-08-05 01:00:00","1.582","7"
"2019-08-06 01:00:00","1.704","3"
"2019-08-07 01:00:00","1.701","2"
"2019-08-08 01:00:00","1.794","16"
"2019-08-09 01:00:00","1.724","1"
"2019-08-10 01:00:00","2.037","3"
"2019-08-11 01:00:00","2.104","1"
"2019-08-12 01:00:00","2.1","1"
"2019-08-13 01:00:00","2.103","1"
"2019-08-16 01:00:00","1.875","5"
"2019-08-17 01:00:00","1.911","5"
"2019-08-25 01:00:00","1.806","1"
"2019-08-27 01:00:00","1.609","2"
"2019-08-28 01:00:00","1.74","1"
"2019-08-30 01:00:00","1.79","1"
"2019-08-31 01:00:00","1.694","2"
"2019-09-02 01:00:00","1.695","2"
"2019-09-03 01:00:00","1.79","2"
"2019-09-05 01:00:00","1.714","4"
"2019-09-06 01:00:00","1.828","1"
"2019-09-07 01:00:00","1.591","1"
"2019-09-08 01:00:00","1.726","2"
"2019-09-09 01:00:00","1.685","2"
"2019-09-11 01:00:00","1.864","1"
"2019-09-14 01:00:00","1.883","1"
"2019-09-18 01:00:00","1.652","3"
"2019-09-20 01:00:00","1.874","1"
"2019-09-21 01:00:00","1.886","1"
"2019-09-26 01:00:00","1.806","1"
"2019-09-27 01:00:00","1.862","1"
"2019-09-28 01:00:00","1.863","2"
"2019-09-30 01:00:00","1.627","4"
"2019-10-01 01:00:00","1.64","3"
"2019-10-02 01:00:00","1.527","1"
"2019-10-03 01:00:00","1.585","6"
"2019-10-04 01:00:00","1.611","11"
"2019-10-05 01:00:00","1.69","2"
"2019-10-06 01:00:00","1.623","1"
"2019-10-08 01:00:00","1.707","2"
"2019-10-10 01:00:00","1.655","2"
"2019-10-12 01:00:00","1.713","1"
"2019-10-18 01:00:00","1.856","2"
"2019-10-19 01:00:00","1.873","1"
"2019-10-21 01:00:00","1.878","1"
"2019-10-24 01:00:00","1.858","2"
"2019-10-25 01:00:00","1.84","4"
"2019-10-27 01:00:00","1.852","1"
"2019-10-29 01:00:00","1.698","5"
"2019-10-30 01:00:00","1.41","1"
"2019-11-01 01:00:00","1.86","4"
"2019-11-02 01:00:00","1.85","1"
"2019-11-03 01:00:00","1.863","1"
"2019-11-04 01:00:00","1.75","1"
"2019-11-05 01:00:00","1.58","1"
"2019-11-07 01:00:00","1.557","1"
"2019-11-08 01:00:00","1.21","1"
"2019-11-09 01:00:00","1.497","4"
"2019-11-10 01:00:00","1.452","3"
"2019-11-11 01:00:00","1.482","3"
"2019-11-14 01:00:00","1.506","1"
"2019-11-15 01:00:00","1.514","2"
"2019-11-16 01:00:00","1.517","1"
"2019-11-18 01:00:00","1.46","1"
"2019-11-19 01:00:00","1.451","6"
"2019-11-20 01:00:00","1.64","1"
"2019-11-23 01:00:00","1.491","3"
"2019-11-24 01:00:00","1.32","3"
"2019-11-25 01:00:00","1.306","2"
"2019-11-26 01:00:00","1.339","3"
"2019-11-28 01:00:00","1.527","1"
"2019-11-30 01:00:00","1.3","6"
"2019-12-01 01:00:00","1.574","1"
"2019-12-03 01:00:00","1.45","1"
"2019-12-04 01:00:00","1.521","2"
"2019-12-05 01:00:00","1.587","1"
"2019-12-06 01:00:00","1.35","2"
"2019-12-07 01:00:00","1.56","1"
"2019-12-08 01:00:00","1.54","1"
"2019-12-09 01:00:00","1.575","3"
"2019-12-10 01:00:00","1.329","1"
"2019-12-11 01:00:00","1.62","1"
"2019-12-12 01:00:00","1.657","3"
"2019-12-13 01:00:00","1.685","1"
"2019-12-14 01:00:00","1.748","3"
"2019-12-16 01:00:00","1.78","2"
"2019-12-20 01:00:00","1.681","1"
"2019-12-21 01:00:00","1.548","4"
"2019-12-22 01:00:00","1.691","2"
"2019-12-24 01:00:00","1.5","1"
"2019-12-25 01:00:00","1.33","4"
"2019-12-26 01:00:00","1.486","6"
"2019-12-27 01:00:00","1.517","9"
"2019-12-28 01:00:00","1.554","5"
"2019-12-29 01:00:00","1.61","1"
"2019-12-30 01:00:00","1.605","3"
"2020-01-01 01:00:00","1.715","2"
"2020-01-02 01:00:00","1.785","2"
"2020-01-03 01:00:00","1.735","3"
"2020-01-04 01:00:00","1.656","1"
"2020-01-06 01:00:00","1.49","3"
"2020-01-07 01:00:00","1.659","1"
"2020-01-08 01:00:00","1.652","3"
"2020-01-09 01:00:00","1.637","2"
"2020-01-10 01:00:00","1.601","2"
"2020-01-11 01:00:00","1.646","1"
"2020-01-12 01:00:00","1.569","4"
"2020-01-13 01:00:00","1.65","1"
"2020-01-14 01:00:00","1.579","3"
"2020-01-15 01:00:00","1.55","3"
"2020-01-16 01:00:00","1.648","2"
"2020-01-17 01:00:00","1.646","3"
"2020-01-18 01:00:00","1.643","1"
"2020-01-19 01:00:00","1.646","2"
"2020-01-20 01:00:00","1.647","2"
"2020-01-22 01:00:00","1.492","5"
"2020-01-23 01:00:00","1.636","1"
"2020-01-24 01:00:00","1.64","1"
"2020-01-25 01:00:00","1.536","2"
"2020-01-26 01:00:00","1.525","2"
"2020-01-27 01:00:00","1.635","2"
"2020-01-28 01:00:00","1.6","3"
"2020-01-29 01:00:00","1.655","5"
"2020-01-30 01:00:00","1.652","1"
"2020-01-31 01:00:00","1.646","1"
"2020-02-01 01:00:00","1.751","2"
"2020-02-02 01:00:00","1.854","2"
"2020-02-03 01:00:00","1.856","1"
"2020-02-04 01:00:00","1.855","1"
"2020-02-06 01:00:00","1.855","4"
"2020-02-08 01:00:00","1.783","2"
"2020-02-10 01:00:00","1.811","15"
"2020-02-11 01:00:00","1.934","1"
"2020-02-12 01:00:00","1.628","1"
"2020-02-13 01:00:00","1.606","1"
"2020-02-14 01:00:00","1.607","4"
"2020-02-15 01:00:00","1.517","2"
"2020-02-16 01:00:00","1.605","6"
"2020-02-17 01:00:00","1.609","1"
"2020-02-18 01:00:00","1.503","2"
"2020-02-19 01:00:00","1.495","2"
"2020-02-20 01:00:00","1.491","3"
"2020-02-21 01:00:00","1.584","1"
"2020-02-22 01:00:00","1.669","3"
"2020-02-23 01:00:00","1.759","1"
"2020-02-24 01:00:00","1.781","2"
"2020-02-25 01:00:00","1.707","2"
"2020-02-27 01:00:00","1.512","2"
"2020-02-28 01:00:00","1.571","8"
"2020-02-29 01:00:00","1.691","4"
"2020-03-01 01:00:00","1.732","3"
"2020-03-02 01:00:00","1.725","3"
"2020-03-03 01:00:00","1.718","1"
"2020-03-04 01:00:00","1.709","1"
"2020-03-05 01:00:00","1.466","12"
"2020-03-06 01:00:00","1.551","3"
"2020-03-07 01:00:00","1.579","4"
"2020-03-08 01:00:00","1.522","3"
"2020-03-10 01:00:00","1.559","4"
"2020-03-11 01:00:00","1.543","2"
"2020-03-12 01:00:00","1.792","2"
"2020-03-13 01:00:00","1.77","1"
"2020-03-14 01:00:00","1.866","10"
"2020-03-15 01:00:00","1.831","1"
"2020-03-16 01:00:00","1.887","1"
"2020-03-18 01:00:00","1.846","2"
"2020-03-19 01:00:00","1.829","2"
"2020-03-20 01:00:00","1.762","1"
"2020-03-21 01:00:00","1.647","6"
"2020-03-22 01:00:00","1.516","2"
"2020-03-23 01:00:00","1.642","7"
"2020-03-24 01:00:00","1.631","1"
"2020-03-25 01:00:00","1.431","3"
"2020-03-26 01:00:00","1.589","4"
"2020-03-27 01:00:00","1.657","3"
"2020-03-28 01:00:00","1.663","3"
"2020-03-29 01:00:00","1.63","1"
"2020-03-30 01:00:00","1.527","4"
"2020-03-31 01:00:00","1.365","1"
"2020-04-02 01:00:00","1.623","3"
"2020-04-03 01:00:00","1.511","3"
"2020-04-04 01:00:00","1.666","4"
"2020-04-05 01:00:00","1.479","1"
"2020-04-06 01:00:00","1.693","3"
"2020-04-07 01:00:00","1.742","7"
"2020-04-08 01:00:00","1.864","1"
"2020-04-09 01:00:00","1.944","2"
"2020-04-10 01:00:00","1.967","1"
"2020-04-11 01:00:00","1.697","2"
"2020-04-12 01:00:00","1.639","5"
"2020-04-13 01:00:00","1.661","2"
"2020-04-14 01:00:00","1.673","4"
"2020-04-15 01:00:00","1.684","3"
"2020-04-16 01:00:00","1.666","4"
"2020-04-17 01:00:00","1.587","7"
"2020-04-18 01:00:00","1.666","6"
"2020-04-19 01:00:00","1.792","11"
"2020-04-20 01:00:00","1.952","5"
"2020-04-21 01:00:00","1.95","3"
"2020-04-22 01:00:00","1.834","2"
"2020-04-23 01:00:00","1.899","2"
"2020-04-24 01:00:00","1.947","1"
"2020-04-25 01:00:00","1.93","6"
"2020-04-26 01:00:00","1.845","2"
"2020-04-28 01:00:00","1.954","1"
"2020-04-29 01:00:00","1.952","2"
"2020-04-30 01:00:00","1.94","1"
"2020-05-01 01:00:00","1.896","3"
"2020-05-02 01:00:00","1.93","1"
"2020-05-04 01:00:00","1.919","1"
"2020-05-06 01:00:00","1.854","2"
"2020-05-07 01:00:00","1.85","3"
"2020-05-08 01:00:00","1.83","1"
"2020-05-09 01:00:00","1.735","2"
"2020-05-10 01:00:00","1.818","2"
"2020-05-11 01:00:00","1.63","1"
"2020-05-12 01:00:00","1.854","2"
"2020-05-13 01:00:00","1.931","3"
"2020-05-14 01:00:00","1.926","3"
"2020-05-17 01:00:00","1.918","2"
"2020-05-18 01:00:00","1.883","3"
"2020-05-19 01:00:00","1.933","5"
"2020-05-20 01:00:00","1.962","2"
"2020-05-21 01:00:00","1.996","1"
"2020-05-22 01:00:00","1.974","1"
"2020-05-23 01:00:00","1.705","9"
"2020-05-24 01:00:00","1.921","3"
"2020-05-25 01:00:00","1.925","2"
"2020-05-26 01:00:00","1.84","3"
"2020-05-27 01:00:00","2.03","1"
"2020-05-28 01:00:00","1.977","4"
"2020-05-29 01:00:00","2.091","6"
"2020-05-30 01:00:00","2.198","1"
"2020-05-31 01:00:00","2.115","1"
"2020-06-02 01:00:00","2.209","2"
"2020-06-03 01:00:00","2.199","1"
"2020-06-04 01:00:00","2.08","1"
"2020-06-05 01:00:00","2.122","4"
"2020-06-06 01:00:00","2.235","2"
"2020-06-07 01:00:00","2.238","4"
"2020-06-08 01:00:00","2.278","3"
"2020-06-09 01:00:00","2.27","2"
"2020-06-10 01:00:00","2.289","1"
"2020-06-11 01:00:00","2.198","3"
"2020-06-12 01:00:00","2.278","3"
"2020-06-13 01:00:00","2.313","3"
"2020-06-14 01:00:00","2.46","3"
"2020-06-15 01:00:00","2.524","2"
"2020-06-16 01:00:00","2.524","4"
"2020-06-18 01:00:00","5.41","1"
"2020-06-23 01:00:00","2.596","2"
"2020-06-24 01:00:00","2.425","2"
"2020-06-25 01:00:00","2.31","1"
"2020-06-27 01:00:00","2.496","5"
"2020-07-01 01:00:00","2.594","3"
"2020-07-03 01:00:00","2.59","1"
"2020-07-05 01:00:00","2.25","2"
"2020-07-06 01:00:00","2.421","2"
"2020-07-09 01:00:00","2.508","1"
"2020-07-10 01:00:00","2.56","1"
"2020-07-12 01:00:00","2.277","1"
"2020-07-14 01:00:00","2.522","4"
"2020-07-15 01:00:00","2.42","1"
"2020-07-16 01:00:00","2.391","4"
"2020-07-20 01:00:00","2.87","3"
"2020-07-24 01:00:00","4.179","1"
"2020-07-26 01:00:00","5.38","1"
"2020-07-28 01:00:00","4.86","1"
"2020-07-30 01:00:00","4.874","1"
"2020-08-05 09:00:00","5.141","1"
"2020-08-05 21:00:00","3.77","1"
"2020-08-05 23:00:00","3.61","1"
"2020-08-08 18:00:00","5.129","1"
"2020-08-08 21:00:00","5.163","1"
"2020-08-12 02:00:00","4.0","1"
"2020-08-12 14:00:00","4.715","1"
"2020-08-16 04:00:00","3.83","1"
"2020-08-16 15:00:00","3.769","1"
"2020-08-17 20:00:00","3.73","1"
"2020-08-18 05:00:00","4.65","1"
"2020-08-18 21:00:00","3.34","1"
"2020-08-18 22:00:00","4.55","1"
"2020-08-19 22:00:00","4.614","1"
"2020-08-29 08:00:00","4.051","1"
"2020-08-29 10:00:00","4.117","1"
